{
    "opt_name": "load_model_na_inhomo_minimal_model+KM+KA+KD_CMAES_CMAES_29_Jul_2023_16:46:53:432207",
    "seed": 1235,
    "final_fitness": [
        8.979809642695297
    ],
    "number_of_evaluations": 2250,
    "models": {
        "model_name": "load_model_na_inhomo_minimal_model+KM+KA+KD",
        "model_author": "Eslam-OMEN"
    },
    "parameters": [
        {
            "name": "Na_BG_act_inact_shift 0",
            "min_boundary": "5.0",
            "max_boundary": "15.0",
            "optimum": "12.348086981517536"
        },
        {
            "name": "gmax_K_DRS4_params_voltage_dep_dend 1",
            "min_boundary": "0.01",
            "max_boundary": "0.2",
            "optimum": "0.07237983862611383"
        },
        {
            "name": "gmax_Na_BG_soma 2",
            "min_boundary": "0.002",
            "max_boundary": "0.1",
            "optimum": "0.05001360956018306"
        },
        {
            "name": "gmax_K_DRS4_params_voltage_dep_soma 3",
            "min_boundary": "0.01",
            "max_boundary": "0.5",
            "optimum": "0.03536081311903598"
        },
        {
            "name": "gmax_K_DRS4_params_voltage_dep_axon 4",
            "min_boundary": "0.01",
            "max_boundary": "10.0",
            "optimum": "6.925148696024081"
        },
        {
            "name": "gmax_Leak_pyr 5",
            "min_boundary": "1e-05",
            "max_boundary": "0.0001",
            "optimum": "5.453739160504074e-05"
        },
        {
            "name": "H_ratio 6",
            "min_boundary": "0.1",
            "max_boundary": "15.0",
            "optimum": "10.555624266845296"
        },
        {
            "name": "e_Leak_pyr 7",
            "min_boundary": "-70.0",
            "max_boundary": "-40.0",
            "optimum": "-55.56805523679379"
        },
        {
            "name": "gbar_km_soma_dend 8",
            "min_boundary": "5e-05",
            "max_boundary": "0.01",
            "optimum": "0.001321082776909183"
        },
        {
            "name": "gbar_km_axon 9",
            "min_boundary": "0.0001",
            "max_boundary": "5.0",
            "optimum": "0.0014261787892326683"
        },
        {
            "name": "KA_ratio 10",
            "min_boundary": "0.3",
            "max_boundary": "3.0",
            "optimum": "2.333141190420328"
        },
        {
            "name": "gbar_kd 11",
            "min_boundary": "1e-05",
            "max_boundary": "0.01",
            "optimum": "0.007366204338049703"
        }
    ],
    "error_function": [
        {
            "name": "Spikecount",
            "value": "3.8322278035502952",
            "weight": "0.05",
            "weighted_value": "0.19161139017751477"
        },
        {
            "name": "inv_first_ISI",
            "value": "6.111236253979602",
            "weight": "0.05",
            "weighted_value": "0.3055618126989801"
        },
        {
            "name": "inv_last_ISI",
            "value": "1.8423152798906568",
            "weight": "0.05",
            "weighted_value": "0.09211576399453285"
        },
        {
            "name": "inv_time_to_first_spike",
            "value": "42.22357682943558",
            "weight": "0.05",
            "weighted_value": "2.1111788414717787"
        },
        {
            "name": "steady_state_voltage",
            "value": "12.51513777248783",
            "weight": "0.05",
            "weighted_value": "0.6257568886243915"
        },
        {
            "name": "voltage_base",
            "value": "11.436570832279042",
            "weight": "0.05",
            "weighted_value": "0.571828541613952"
        },
        {
            "name": "voltage_deflection",
            "value": "1.4503700189370117",
            "weight": "0.05",
            "weighted_value": "0.07251850094685058"
        },
        {
            "name": "voltage_deflection_begin",
            "value": "0.9785559806889154",
            "weight": "0.05",
            "weighted_value": "0.048927799034445774"
        },
        {
            "name": "AHP_depth_abs",
            "value": "34.66097883831078",
            "weight": "0.05",
            "weighted_value": "1.7330489419155395"
        },
        {
            "name": "AHP_time_from_peak",
            "value": "2.431529562163",
            "weight": "0.05",
            "weighted_value": "0.12157647810815"
        },
        {
            "name": "AP2_amp",
            "value": "2.620260557170864",
            "weight": "0.05",
            "weighted_value": "0.1310130278585432"
        },
        {
            "name": "AP_amplitude",
            "value": "1.8208190130548616",
            "weight": "0.05",
            "weighted_value": "0.09104095065274308"
        },
        {
            "name": "AP_begin_voltage",
            "value": "11.262259406820803",
            "weight": "0.05",
            "weighted_value": "0.5631129703410402"
        },
        {
            "name": "AP_duration_half_width",
            "value": "18.00532613698445",
            "weight": "0.05",
            "weighted_value": "0.9002663068492224"
        },
        {
            "name": "AP_fall_time",
            "value": "7.807028305966803",
            "weight": "0.05",
            "weighted_value": "0.3903514152983401"
        },
        {
            "name": "AP_rise_time",
            "value": "4.449791356378897",
            "weight": "0.05",
            "weighted_value": "0.2224895678189449"
        },
        {
            "name": "APlast_amp",
            "value": "2.366147824302558",
            "weight": "0.05",
            "weighted_value": "0.1183073912151279"
        },
        {
            "name": "time_to_last_spike",
            "value": "12.411996283795823",
            "weight": "0.05",
            "weighted_value": "0.6205998141897912"
        },
        {
            "name": "sag_amplitude",
            "value": "0.16549624987531883",
            "weight": "0.05",
            "weighted_value": "0.008274812493765943"
        },
        {
            "name": "sag_ratio1",
            "value": "1.2045685478328305",
            "weight": "0.05",
            "weighted_value": "0.060228427391641526"
        }
    ],
    "algorithm": [
        {
            "algorithm_name": "CMAES",
            "algorithm_package": "CMAES",
            "algorithm_parameters": [
                {
                    "parameter_name": "number_of_generations",
                    "parameter_value": "45"
                },
                {
                    "parameter_name": "size_of_population",
                    "parameter_value": "50"
                },
                {
                    "parameter_name": "number_of_cpu",
                    "parameter_value": "7"
                },
                {
                    "parameter_name": "sigma",
                    "parameter_value": "1.3"
                }
            ]
        }
    ],
    "target_data": [
        {
            "data_type": "features",
            "file_name": "somatic_features_neuroptimus.json",
            "number_of_traces": 6,
            "stim_delay": 200.0,
            "stim_duration": 300.0,
            "stim_amp": [
                {
                    "stim_amplitude": -0.25,
                    "features": [
                        {
                            "std": 0.6187,
                            "mean": -64.1491,
                            "name": "steady_state_voltage"
                        }
                    ]
                },
                {
                    "stim_amplitude": -0.25,
                    "features": [
                        {
                            "std": 0.4974,
                            "mean": -64.4942,
                            "name": "voltage_base"
                        }
                    ]
                },
                {
                    "stim_amplitude": -0.25,
                    "features": [
                        {
                            "std": 2.0899,
                            "mean": -13.057,
                            "name": "voltage_deflection"
                        }
                    ]
                },
                {
                    "stim_amplitude": -0.25,
                    "features": [
                        {
                            "std": 2.6615,
                            "mean": -14.5082,
                            "name": "voltage_deflection_begin"
                        }
                    ]
                },
                {
                    "stim_amplitude": -0.25,
                    "features": [
                        {
                            "std": 0.681,
                            "mean": 3.1869,
                            "name": "sag_amplitude"
                        }
                    ]
                },
                {
                    "stim_amplitude": -0.25,
                    "features": [
                        {
                            "std": 0.0297,
                            "mean": 0.1969,
                            "name": "sag_ratio1"
                        }
                    ]
                },
                {
                    "stim_amplitude": 0.05,
                    "features": [
                        {
                            "std": 0.001,
                            "mean": 0.0,
                            "name": "Spikecount"
                        }
                    ]
                },
                {
                    "stim_amplitude": 0.05,
                    "features": [
                        {
                            "std": 0.001,
                            "mean": 0.0,
                            "name": "inv_first_ISI"
                        }
                    ]
                },
                {
                    "stim_amplitude": 0.05,
                    "features": [
                        {
                            "std": 0.001,
                            "mean": 0.0,
                            "name": "inv_last_ISI"
                        }
                    ]
                },
                {
                    "stim_amplitude": 0.05,
                    "features": [
                        {
                            "std": 0.001,
                            "mean": 0.0,
                            "name": "inv_time_to_first_spike"
                        }
                    ]
                },
                {
                    "stim_amplitude": 0.05,
                    "features": [
                        {
                            "std": 0.852,
                            "mean": -65.1468,
                            "name": "steady_state_voltage"
                        }
                    ]
                },
                {
                    "stim_amplitude": 0.05,
                    "features": [
                        {
                            "std": 0.8427,
                            "mean": -65.1268,
                            "name": "voltage_base"
                        }
                    ]
                },
                {
                    "stim_amplitude": 0.1,
                    "features": [
                        {
                            "std": 1.1235,
                            "mean": 1.4,
                            "name": "Spikecount"
                        }
                    ]
                },
                {
                    "stim_amplitude": 0.1,
                    "features": [
                        {
                            "std": 13.6081,
                            "mean": 9.0054,
                            "name": "inv_first_ISI"
                        }
                    ]
                },
                {
                    "stim_amplitude": 0.1,
                    "features": [
                        {
                            "std": 9.6911,
                            "mean": 7.0289,
                            "name": "inv_last_ISI"
                        }
                    ]
                },
                {
                    "stim_amplitude": 0.1,
                    "features": [
                        {
                            "std": 3.9002,
                            "mean": 5.9281,
                            "name": "inv_time_to_first_spike"
                        }
                    ]
                },
                {
                    "stim_amplitude": 0.1,
                    "features": [
                        {
                            "std": 1.0148,
                            "mean": -64.9589,
                            "name": "steady_state_voltage"
                        }
                    ]
                },
                {
                    "stim_amplitude": 0.1,
                    "features": [
                        {
                            "std": 0.888,
                            "mean": -65.071,
                            "name": "voltage_base"
                        }
                    ]
                },
                {
                    "stim_amplitude": 0.15,
                    "features": [
                        {
                            "std": 1.902,
                            "mean": 6.0667,
                            "name": "Spikecount"
                        }
                    ]
                },
                {
                    "stim_amplitude": 0.15,
                    "features": [
                        {
                            "std": 21.6692,
                            "mean": 41.3156,
                            "name": "inv_first_ISI"
                        }
                    ]
                },
                {
                    "stim_amplitude": 0.15,
                    "features": [
                        {
                            "std": 7.4057,
                            "mean": 19.9628,
                            "name": "inv_last_ISI"
                        }
                    ]
                },
                {
                    "stim_amplitude": 0.15,
                    "features": [
                        {
                            "std": 3.1874,
                            "mean": 31.7221,
                            "name": "inv_time_to_first_spike"
                        }
                    ]
                },
                {
                    "stim_amplitude": 0.15,
                    "features": [
                        {
                            "std": 0.9534,
                            "mean": -64.8553,
                            "name": "steady_state_voltage"
                        }
                    ]
                },
                {
                    "stim_amplitude": 0.15,
                    "features": [
                        {
                            "std": 0.9041,
                            "mean": -65.0453,
                            "name": "voltage_base"
                        }
                    ]
                },
                {
                    "stim_amplitude": 0.15,
                    "features": [
                        {
                            "std": 1.4732,
                            "mean": -52.7415,
                            "name": "AHP_depth_abs"
                        }
                    ]
                },
                {
                    "stim_amplitude": 0.15,
                    "features": [
                        {
                            "std": 1.5602,
                            "mean": 4.2597,
                            "name": "AHP_time_from_peak"
                        }
                    ]
                },
                {
                    "stim_amplitude": 0.15,
                    "features": [
                        {
                            "std": 4.2673,
                            "mean": 84.7819,
                            "name": "AP2_amp"
                        }
                    ]
                },
                {
                    "stim_amplitude": 0.15,
                    "features": [
                        {
                            "std": 4.5457,
                            "mean": 84.4446,
                            "name": "AP_amplitude"
                        }
                    ]
                },
                {
                    "stim_amplitude": 0.15,
                    "features": [
                        {
                            "std": 1.9676,
                            "mean": -51.1295,
                            "name": "AP_begin_voltage"
                        }
                    ]
                },
                {
                    "stim_amplitude": 0.15,
                    "features": [
                        {
                            "std": 0.0957,
                            "mean": 1.2266,
                            "name": "AP_duration_half_width"
                        }
                    ]
                },
                {
                    "stim_amplitude": 0.15,
                    "features": [
                        {
                            "std": 0.1541,
                            "mean": 1.8744,
                            "name": "AP_fall_time"
                        }
                    ]
                },
                {
                    "stim_amplitude": 0.15,
                    "features": [
                        {
                            "std": 0.0468,
                            "mean": 0.6474,
                            "name": "AP_rise_time"
                        }
                    ]
                },
                {
                    "stim_amplitude": 0.15,
                    "features": [
                        {
                            "std": 5.0409,
                            "mean": 82.8837,
                            "name": "APlast_amp"
                        }
                    ]
                },
                {
                    "stim_amplitude": 0.15,
                    "features": [
                        {
                            "std": 18.9666,
                            "mean": 252.9133,
                            "name": "time_to_last_spike"
                        }
                    ]
                },
                {
                    "stim_amplitude": 0.2,
                    "features": [
                        {
                            "std": 1.8809,
                            "mean": 9.1333,
                            "name": "Spikecount"
                        }
                    ]
                },
                {
                    "stim_amplitude": 0.2,
                    "features": [
                        {
                            "std": 23.805,
                            "mean": 71.3776,
                            "name": "inv_first_ISI"
                        }
                    ]
                },
                {
                    "stim_amplitude": 0.2,
                    "features": [
                        {
                            "std": 6.1203,
                            "mean": 25.2047,
                            "name": "inv_last_ISI"
                        }
                    ]
                },
                {
                    "stim_amplitude": 0.2,
                    "features": [
                        {
                            "std": 8.501,
                            "mean": 49.0358,
                            "name": "inv_time_to_first_spike"
                        }
                    ]
                },
                {
                    "stim_amplitude": 0.2,
                    "features": [
                        {
                            "std": 1.1019,
                            "mean": -65.3233,
                            "name": "steady_state_voltage"
                        }
                    ]
                },
                {
                    "stim_amplitude": 0.2,
                    "features": [
                        {
                            "std": 0.9649,
                            "mean": -65.1791,
                            "name": "voltage_base"
                        }
                    ]
                },
                {
                    "stim_amplitude": 0.2,
                    "features": [
                        {
                            "std": 1.4109,
                            "mean": -51.7135,
                            "name": "AHP_depth_abs"
                        }
                    ]
                },
                {
                    "stim_amplitude": 0.2,
                    "features": [
                        {
                            "std": 1.6528,
                            "mean": 5.131,
                            "name": "AHP_time_from_peak"
                        }
                    ]
                },
                {
                    "stim_amplitude": 0.2,
                    "features": [
                        {
                            "std": 4.7442,
                            "mean": 81.7932,
                            "name": "AP2_amp"
                        }
                    ]
                },
                {
                    "stim_amplitude": 0.2,
                    "features": [
                        {
                            "std": 4.5966,
                            "mean": 81.7908,
                            "name": "AP_amplitude"
                        }
                    ]
                },
                {
                    "stim_amplitude": 0.2,
                    "features": [
                        {
                            "std": 1.9673,
                            "mean": -50.1447,
                            "name": "AP_begin_voltage"
                        }
                    ]
                },
                {
                    "stim_amplitude": 0.2,
                    "features": [
                        {
                            "std": 0.1086,
                            "mean": 1.2543,
                            "name": "AP_duration_half_width"
                        }
                    ]
                },
                {
                    "stim_amplitude": 0.2,
                    "features": [
                        {
                            "std": 0.2425,
                            "mean": 1.8766,
                            "name": "AP_fall_time"
                        }
                    ]
                },
                {
                    "stim_amplitude": 0.2,
                    "features": [
                        {
                            "std": 0.0441,
                            "mean": 0.6605,
                            "name": "AP_rise_time"
                        }
                    ]
                },
                {
                    "stim_amplitude": 0.2,
                    "features": [
                        {
                            "std": 4.8218,
                            "mean": 79.6,
                            "name": "APlast_amp"
                        }
                    ]
                },
                {
                    "stim_amplitude": 0.2,
                    "features": [
                        {
                            "std": 8.3373,
                            "mean": 279.4267,
                            "name": "time_to_last_spike"
                        }
                    ]
                },
                {
                    "stim_amplitude": 0.25,
                    "features": [
                        {
                            "std": 1.8499,
                            "mean": 11.3333,
                            "name": "Spikecount"
                        }
                    ]
                },
                {
                    "stim_amplitude": 0.25,
                    "features": [
                        {
                            "std": 18.2084,
                            "mean": 93.952,
                            "name": "inv_first_ISI"
                        }
                    ]
                },
                {
                    "stim_amplitude": 0.25,
                    "features": [
                        {
                            "std": 5.0591,
                            "mean": 29.9611,
                            "name": "inv_last_ISI"
                        }
                    ]
                },
                {
                    "stim_amplitude": 0.25,
                    "features": [
                        {
                            "std": 13.6468,
                            "mean": 68.876,
                            "name": "inv_time_to_first_spike"
                        }
                    ]
                },
                {
                    "stim_amplitude": 0.25,
                    "features": [
                        {
                            "std": 1.117,
                            "mean": -65.9655,
                            "name": "steady_state_voltage"
                        }
                    ]
                },
                {
                    "stim_amplitude": 0.25,
                    "features": [
                        {
                            "std": 0.9657,
                            "mean": -65.5785,
                            "name": "voltage_base"
                        }
                    ]
                },
                {
                    "stim_amplitude": 0.25,
                    "features": [
                        {
                            "std": 1.4175,
                            "mean": -51.1812,
                            "name": "AHP_depth_abs"
                        }
                    ]
                },
                {
                    "stim_amplitude": 0.25,
                    "features": [
                        {
                            "std": 1.7497,
                            "mean": 6.1279,
                            "name": "AHP_time_from_peak"
                        }
                    ]
                },
                {
                    "stim_amplitude": 0.25,
                    "features": [
                        {
                            "std": 4.2177,
                            "mean": 79.2277,
                            "name": "AP2_amp"
                        }
                    ]
                },
                {
                    "stim_amplitude": 0.25,
                    "features": [
                        {
                            "std": 4.1716,
                            "mean": 79.7826,
                            "name": "AP_amplitude"
                        }
                    ]
                },
                {
                    "stim_amplitude": 0.25,
                    "features": [
                        {
                            "std": 2.0246,
                            "mean": -49.3692,
                            "name": "AP_begin_voltage"
                        }
                    ]
                },
                {
                    "stim_amplitude": 0.25,
                    "features": [
                        {
                            "std": 0.0863,
                            "mean": 1.3158,
                            "name": "AP_duration_half_width"
                        }
                    ]
                },
                {
                    "stim_amplitude": 0.25,
                    "features": [
                        {
                            "std": 0.1885,
                            "mean": 1.9408,
                            "name": "AP_fall_time"
                        }
                    ]
                },
                {
                    "stim_amplitude": 0.25,
                    "features": [
                        {
                            "std": 0.0507,
                            "mean": 0.6797,
                            "name": "AP_rise_time"
                        }
                    ]
                },
                {
                    "stim_amplitude": 0.25,
                    "features": [
                        {
                            "std": 4.3222,
                            "mean": 77.5431,
                            "name": "APlast_amp"
                        }
                    ]
                },
                {
                    "stim_amplitude": 0.25,
                    "features": [
                        {
                            "std": 4.1353,
                            "mean": 282.9,
                            "name": "time_to_last_spike"
                        }
                    ]
                }
            ]
        }
    ],
    "created_at": "2023-07-29T16:46:53.432236Z",
    "statistics": [
        {
            "generation": 0,
            "population": 50,
            "maximum": 7339.12826338394,
            "minimum": 11.862929634799315,
            "median": 353.7362179369127,
            "mean": 1418.9848218717586,
            "std": 2077.521327633756
        },
        {
            "generation": 1,
            "population": 50,
            "maximum": 7027.443224486523,
            "minimum": 12.650570173485377,
            "median": 353.5223543930914,
            "mean": 756.7580286531589,
            "std": 1474.2766399285645
        },
        {
            "generation": 2,
            "population": 50,
            "maximum": 37486.96772920215,
            "minimum": 13.380013918172912,
            "median": 353.8057653943047,
            "mean": 2272.7547305776197,
            "std": 6523.562548775581
        },
        {
            "generation": 3,
            "population": 50,
            "maximum": 6979.618907886485,
            "minimum": 142.11849035692313,
            "median": 352.9359426807704,
            "mean": 1006.2095210324164,
            "std": 1813.7096142548346
        },
        {
            "generation": 4,
            "population": 50,
            "maximum": 7228.58895498962,
            "minimum": 254.3826969167897,
            "median": 352.9457622447568,
            "mean": 733.2426618499396,
            "std": 1268.2216657590684
        },
        {
            "generation": 5,
            "population": 50,
            "maximum": 354.3718396550016,
            "minimum": 253.65498692282767,
            "median": 352.8706715018747,
            "mean": 350.61853785250264,
            "std": 13.88478058167346
        },
        {
            "generation": 6,
            "population": 50,
            "maximum": 354.421170667083,
            "minimum": 347.6842300560101,
            "median": 352.0265145491175,
            "mean": 351.8885034888019,
            "std": 1.2542579448678781
        },
        {
            "generation": 7,
            "population": 50,
            "maximum": 354.2574510191434,
            "minimum": 348.11398459639105,
            "median": 351.87350719680467,
            "mean": 351.7466929495505,
            "std": 1.0678469823222796
        },
        {
            "generation": 8,
            "population": 50,
            "maximum": 353.3006227591871,
            "minimum": 348.31473703598846,
            "median": 351.4918987193879,
            "mean": 351.4042426277567,
            "std": 1.1233577273545163
        },
        {
            "generation": 9,
            "population": 50,
            "maximum": 353.4041898945408,
            "minimum": 8.97980964269693,
            "median": 351.31502304015754,
            "mean": 344.2858098287432,
            "std": 47.915556309116056
        },
        {
            "generation": 10,
            "population": 50,
            "maximum": 352.4119924081653,
            "minimum": 40.27961449190834,
            "median": 350.7543179981276,
            "mean": 344.45851816146364,
            "std": 43.46556081714251
        },
        {
            "generation": 11,
            "population": 50,
            "maximum": 351.99146125292776,
            "minimum": 348.7165898545638,
            "median": 350.5213713227506,
            "mean": 350.34860445429723,
            "std": 0.960510879492033
        },
        {
            "generation": 12,
            "population": 50,
            "maximum": 351.2979061191717,
            "minimum": 347.10811739006573,
            "median": 349.5219152869855,
            "mean": 349.54715834665876,
            "std": 0.9637698093517194
        },
        {
            "generation": 13,
            "population": 50,
            "maximum": 351.38636084225965,
            "minimum": 346.9993794794071,
            "median": 349.5842434397391,
            "mean": 349.58556556157964,
            "std": 1.106984601627409
        },
        {
            "generation": 14,
            "population": 50,
            "maximum": 4695.627759433302,
            "minimum": 136.90229210845413,
            "median": 349.2169293995056,
            "mean": 431.7730486214366,
            "std": 609.8462911775495
        },
        {
            "generation": 15,
            "population": 50,
            "maximum": 350.4399201627374,
            "minimum": 347.1630103058813,
            "median": 349.30694732354675,
            "mean": 349.0719910424093,
            "std": 0.8839172371695574
        },
        {
            "generation": 16,
            "population": 50,
            "maximum": 350.41559226306094,
            "minimum": 25.133650216651784,
            "median": 348.4745927321946,
            "mean": 338.08479139088536,
            "std": 52.60911201962468
        },
        {
            "generation": 17,
            "population": 50,
            "maximum": 350.4341815834396,
            "minimum": 248.01856358753997,
            "median": 348.60346978632356,
            "mean": 344.71434008547016,
            "std": 19.64773131291937
        },
        {
            "generation": 18,
            "population": 50,
            "maximum": 350.0539140286191,
            "minimum": 347.0422374529932,
            "median": 348.5271192042866,
            "mean": 348.4822970912873,
            "std": 0.9055673652847335
        },
        {
            "generation": 19,
            "population": 50,
            "maximum": 349.8769616468788,
            "minimum": 27.219318350551266,
            "median": 348.49412382684454,
            "mean": 335.806368670799,
            "std": 61.764413230736615
        },
        {
            "generation": 20,
            "population": 50,
            "maximum": 349.39003953823084,
            "minimum": 249.29845498198932,
            "median": 348.0229853671966,
            "mean": 344.1460276355184,
            "std": 19.35985988353093
        },
        {
            "generation": 21,
            "population": 50,
            "maximum": 488.87566245107683,
            "minimum": 150.66371533533788,
            "median": 347.85548532527025,
            "mean": 344.83148440728706,
            "std": 36.843124237762595
        },
        {
            "generation": 22,
            "population": 50,
            "maximum": 349.2098924539701,
            "minimum": 38.33967255633018,
            "median": 347.6497491306757,
            "mean": 341.59639010736544,
            "std": 43.32583691145743
        },
        {
            "generation": 23,
            "population": 50,
            "maximum": 348.70554315473873,
            "minimum": 347.0508306076227,
            "median": 347.6918687099195,
            "mean": 347.74987994699603,
            "std": 0.4835348778221513
        },
        {
            "generation": 24,
            "population": 50,
            "maximum": 2466.4153326086057,
            "minimum": 151.07841910634806,
            "median": 347.49882169140494,
            "mean": 384.0988234261291,
            "std": 299.03335074632815
        },
        {
            "generation": 25,
            "population": 50,
            "maximum": 6280.925979629956,
            "minimum": 138.64242636782228,
            "median": 347.55219584418273,
            "mean": 458.12339492352885,
            "std": 832.7786777069704
        },
        {
            "generation": 26,
            "population": 50,
            "maximum": 4194.336730698245,
            "minimum": 347.0507199106534,
            "median": 347.2871387709741,
            "mean": 424.34705404864974,
            "std": 538.5700655026956
        },
        {
            "generation": 27,
            "population": 50,
            "maximum": 349.03055639014144,
            "minimum": 151.05764031826106,
            "median": 347.34152122108856,
            "mean": 335.73060697902787,
            "std": 42.311681258693525
        },
        {
            "generation": 28,
            "population": 50,
            "maximum": 348.2761575653021,
            "minimum": 249.1389799358447,
            "median": 347.35871851937935,
            "mean": 341.5869457305406,
            "std": 23.249595592702242
        },
        {
            "generation": 29,
            "population": 50,
            "maximum": 348.1941877878522,
            "minimum": 150.51454321641148,
            "median": 347.2690286166818,
            "mean": 339.51929661381723,
            "std": 33.13660832073567
        },
        {
            "generation": 30,
            "population": 50,
            "maximum": 347.9152115175168,
            "minimum": 38.621997210209244,
            "median": 347.3232937286791,
            "mean": 333.36231407445746,
            "std": 57.07220336783478
        },
        {
            "generation": 31,
            "population": 50,
            "maximum": 5425.665546544244,
            "minimum": 347.00029748817104,
            "median": 347.2983489331805,
            "mean": 448.94960630658403,
            "std": 710.9594727665549
        },
        {
            "generation": 32,
            "population": 50,
            "maximum": 348.2823100091423,
            "minimum": 249.3531455791309,
            "median": 347.29376281193606,
            "mean": 343.4605101354763,
            "std": 19.170898465120434
        },
        {
            "generation": 33,
            "population": 50,
            "maximum": 3616.69699106841,
            "minimum": 25.253932292030466,
            "median": 347.2847341739602,
            "mean": 392.0583851254525,
            "std": 465.4843675276989
        },
        {
            "generation": 34,
            "population": 50,
            "maximum": 4785.943798377134,
            "minimum": 138.00086223303865,
            "median": 347.30108553076946,
            "mean": 426.0540706741959,
            "std": 624.2364436773687
        },
        {
            "generation": 35,
            "population": 50,
            "maximum": 2624.893567120065,
            "minimum": 24.54646566011142,
            "median": 347.2193818753024,
            "mean": 370.1994873722313,
            "std": 328.3767950869432
        },
        {
            "generation": 36,
            "population": 50,
            "maximum": 5234.337733918272,
            "minimum": 39.17550967979511,
            "median": 347.13833973723035,
            "mean": 432.929424493926,
            "std": 687.8904315031955
        },
        {
            "generation": 37,
            "population": 50,
            "maximum": 348.22024652597617,
            "minimum": 26.10314904526009,
            "median": 347.206293116573,
            "mean": 329.1270239318149,
            "std": 57.183139742305954
        },
        {
            "generation": 38,
            "population": 50,
            "maximum": 348.42585921005224,
            "minimum": 12.783890028584853,
            "median": 347.1273029419508,
            "mean": 321.6398254080232,
            "std": 80.28600314310987
        },
        {
            "generation": 39,
            "population": 50,
            "maximum": 5236.988414906986,
            "minimum": 25.07059024730755,
            "median": 347.178126027387,
            "mean": 418.009386068755,
            "std": 692.9163098156864
        },
        {
            "generation": 40,
            "population": 50,
            "maximum": 4598.789046008921,
            "minimum": 12.517543799378776,
            "median": 347.3019376349003,
            "mean": 413.98028907319457,
            "std": 600.699901722086
        },
        {
            "generation": 41,
            "population": 50,
            "maximum": 347.94834072069983,
            "minimum": 13.019910923253038,
            "median": 347.21259298517225,
            "mean": 334.7241103641679,
            "std": 55.140347608715
        },
        {
            "generation": 42,
            "population": 50,
            "maximum": 6207.262882854559,
            "minimum": 26.60405549515298,
            "median": 347.1568680897092,
            "mean": 448.32218981794637,
            "std": 824.6077486003762
        },
        {
            "generation": 43,
            "population": 50,
            "maximum": 348.0777693593794,
            "minimum": 26.796178336763663,
            "median": 347.18591073360165,
            "mean": 326.6556594666339,
            "std": 62.894231132278655
        },
        {
            "generation": 44,
            "population": 50,
            "maximum": 3670.6997420126518,
            "minimum": 12.746247779194197,
            "median": 347.20261540787317,
            "mean": 397.03320124229174,
            "std": 471.2913322007037
        }
    ]
}