{
    "opt_name": "load_model_na_inhomo_minimal_model+KM+KA+KD_CMAES_CMAES_30_Jul_2023_15:49:58:995041",
    "seed": 1235,
    "final_fitness": [
        0.24156197714452615
    ],
    "number_of_evaluations": 288,
    "models": {
        "model_name": "load_model_na_inhomo_minimal_model+KM+KA+KD",
        "model_author": "Eslam-OMEN"
    },
    "parameters": [
        {
            "name": "Na_BG_act_inact_shift 0",
            "min_boundary": "5.0",
            "max_boundary": "15.0",
            "optimum": "5.0"
        },
        {
            "name": "gmax_K_DRS4_params_voltage_dep_dend 1",
            "min_boundary": "0.01",
            "max_boundary": "0.2",
            "optimum": "0.10940680939493726"
        },
        {
            "name": "gmax_Na_BG_soma 2",
            "min_boundary": "0.002",
            "max_boundary": "0.1",
            "optimum": "0.002"
        },
        {
            "name": "gmax_K_DRS4_params_voltage_dep_soma 3",
            "min_boundary": "0.01",
            "max_boundary": "0.5",
            "optimum": "0.01"
        },
        {
            "name": "gmax_K_DRS4_params_voltage_dep_axon 4",
            "min_boundary": "0.01",
            "max_boundary": "10.0",
            "optimum": "0.01"
        },
        {
            "name": "gmax_Leak_pyr 5",
            "min_boundary": "1e-05",
            "max_boundary": "0.0001",
            "optimum": "6.601756981573536e-05"
        },
        {
            "name": "H_ratio 6",
            "min_boundary": "0.1",
            "max_boundary": "15.0",
            "optimum": "15.0"
        },
        {
            "name": "e_Leak_pyr 7",
            "min_boundary": "-70.0",
            "max_boundary": "-40.0",
            "optimum": "-40.05110041097202"
        },
        {
            "name": "gbar_km_soma_dend 8",
            "min_boundary": "5e-05",
            "max_boundary": "0.01",
            "optimum": "0.002815361273274854"
        },
        {
            "name": "gbar_km_axon 9",
            "min_boundary": "0.0001",
            "max_boundary": "5.0",
            "optimum": "0.0001"
        },
        {
            "name": "KA_ratio 10",
            "min_boundary": "0.3",
            "max_boundary": "3.0",
            "optimum": "3.0"
        },
        {
            "name": "gbar_kd 11",
            "min_boundary": "1e-05",
            "max_boundary": "0.01",
            "optimum": "1e-05"
        }
    ],
    "error_function": [
        {
            "name": "SomaticFeaturesTest",
            "value": "4.831239542890523",
            "weight": "0.05",
            "weighted_value": "0.24156197714452615"
        }
    ],
    "algorithm": [
        {
            "algorithm_name": "CMAES",
            "algorithm_package": "CMAES",
            "algorithm_parameters": [
                {
                    "parameter_name": "number_of_generations",
                    "parameter_value": "12"
                },
                {
                    "parameter_name": "size_of_population",
                    "parameter_value": "24"
                },
                {
                    "parameter_name": "number_of_cpu",
                    "parameter_value": "8"
                },
                {
                    "parameter_name": "sigma",
                    "parameter_value": "1.3"
                }
            ]
        }
    ],
    "target_data": [
        {
            "data_type": "hippounit",
            "file_name": "",
            "number_of_traces": 1,
            "stim_delay": 200.0,
            "stim_duration": 300.0
        }
    ],
    "created_at": "2023-07-30T15:49:58.995172Z",
    "statistics": [
        {
            "generation": 0,
            "population": 24,
            "maximum": 389.3867908540354,
            "minimum": 0.26728458774508485,
            "median": 0.44340119327185096,
            "mean": 47.44484812615867,
            "std": 92.44519672080165
        },
        {
            "generation": 1,
            "population": 24,
            "maximum": 935.7758320283542,
            "minimum": 0.31882158952608686,
            "median": 0.42885785960338674,
            "mean": 67.71966052576214,
            "std": 208.2900282491823
        },
        {
            "generation": 2,
            "population": 24,
            "maximum": 585.194807443504,
            "minimum": 0.26415009834394376,
            "median": 0.40116251249354185,
            "mean": 51.021488505321635,
            "std": 129.8902633645121
        },
        {
            "generation": 3,
            "population": 24,
            "maximum": 253.4391510503541,
            "minimum": 0.29300547408176236,
            "median": 0.40217249594805793,
            "mean": 54.26926403486029,
            "std": 86.6104827455247
        },
        {
            "generation": 4,
            "population": 24,
            "maximum": 384.0077946752705,
            "minimum": 0.30135833774125664,
            "median": 0.3955502450220584,
            "mean": 55.46866251013114,
            "std": 96.22540875279005
        },
        {
            "generation": 5,
            "population": 24,
            "maximum": 421.5746249748918,
            "minimum": 0.2953146370108368,
            "median": 0.4024652936538278,
            "mean": 52.349229334093856,
            "std": 114.54432854295403
        },
        {
            "generation": 6,
            "population": 24,
            "maximum": 644.9317889563866,
            "minimum": 0.3269635706404822,
            "median": 0.40178199831440486,
            "mean": 37.307218639546335,
            "std": 131.01418161076765
        },
        {
            "generation": 7,
            "population": 24,
            "maximum": 0.42914803479328056,
            "minimum": 0.29117828015330943,
            "median": 0.39147250663948524,
            "mean": 0.38321254594352205,
            "std": 0.036980369289448006
        },
        {
            "generation": 8,
            "population": 24,
            "maximum": 0.4216960016783955,
            "minimum": 0.3450041714089089,
            "median": 0.3926755415142311,
            "mean": 0.3917598774105852,
            "std": 0.018097725654345604
        },
        {
            "generation": 9,
            "population": 24,
            "maximum": 0.42267755419463876,
            "minimum": 0.34888173560093083,
            "median": 0.38117176537046804,
            "mean": 0.3821868205848773,
            "std": 0.02140525082011007
        },
        {
            "generation": 10,
            "population": 24,
            "maximum": 0.4296923510910122,
            "minimum": 0.3207882977492669,
            "median": 0.3888963795638854,
            "mean": 0.38343123814656205,
            "std": 0.024502282216444748
        },
        {
            "generation": 11,
            "population": 24,
            "maximum": 0.3917228695588815,
            "minimum": 0.31070947957323514,
            "median": 0.36648329551886716,
            "mean": 0.3644274307376225,
            "std": 0.01955233528156438
        }
    ]
}