{
    "attributes": {
        "adjusted_params": [
            "Na_BG_act_inact_shift 0",
            "gmax_K_DRS4_params_voltage_dep_dend 1",
            "gmax_Na_BG_soma 2",
            "gmax_K_DRS4_params_voltage_dep_soma 3",
            "gmax_K_DRS4_params_voltage_dep_axon 4",
            "gmax_Leak_pyr 5",
            "H_ratio 6",
            "e_Leak_pyr 7",
            "gbar_km_soma_dend 8",
            "gbar_km_axon 9",
            "KA_ratio 10",
            "gbar_kd 11"
        ],
        "base_dir": "/home/eslam/gsoc/neuroptimus-hippoUnit/neuroptimus/CA1pyramidal_package/model",
        "boundaries": [
            [
                5.0,
                0.01,
                0.002,
                0.01,
                0.01,
                1e-05,
                0.1,
                -70.0,
                5e-05,
                0.0001,
                0.3,
                1e-05
            ],
            [
                15.0,
                0.2,
                0.1,
                0.5,
                10.0,
                0.0001,
                15.0,
                -40.0,
                0.01,
                5.0,
                3.0,
                0.01
            ]
        ],
        "current_algorithm": {
            "RANDOM_SEARCH": {
                "number_of_cpu": 3,
                "size_of_population": 1
            }
        },
        "feat_str": "",
        "feats": [
            "Spikecount",
            "inv_first_ISI",
            "inv_last_ISI",
            "inv_time_to_first_spike",
            "steady_state_voltage",
            "voltage_base",
            "voltage_deflection",
            "voltage_deflection_begin",
            "AHP_depth_abs",
            "AHP_time_from_peak",
            "AP2_amp",
            "AP_amplitude",
            "AP_begin_voltage",
            "AP_duration_half_width",
            "AP_fall_time",
            "AP_rise_time",
            "APlast_amp",
            "time_to_last_spike",
            "sag_amplitude",
            "sag_ratio1"
        ],
        "hippounit_settings_path": "/home/eslam/gsoc/neuroptimus-hippoUnit/neuroptimus/CA1pyramidal_package/hippounit_settings.json",
        "input_cont_t": null,
        "input_dir": "",
        "input_freq": null,
        "input_length": null,
        "input_scale": "mV",
        "input_size": 6,
        "model_path": "/home/eslam/gsoc/neuroptimus-hippoUnit/neuroptimus/CA1pyramidal_package/model/load_model_na_inhomo_minimal_model+KM+KA+KD.hoc",
        "model_spec_dir": "/home/eslam/gsoc/neuroptimus-hippoUnit/neuroptimus/CA1pyramidal_package/model/mod_files",
        "num_params": 12,
        "output_level": "0",
        "param_vals": [
            0.1,
            0.1,
            0.1,
            0.1,
            0.1,
            0.1,
            0.1,
            0.1,
            0.1,
            0.1,
            0.1,
            0.1
        ],
        "run_controll_dt": 0.05,
        "run_controll_pos": 0.5,
        "run_controll_record": "v",
        "run_controll_sec": "soma",
        "run_controll_tstop": 600.0,
        "run_controll_vrest": -65.0,
        "seed": 1235,
        "sim_command": [],
        "simulator": "hippounit",
        "spike_thres": 0.0,
        "spike_window": null,
        "start_time_stamp": 1661019855.205178,
        "starting_points": [],
        "stim_amp": [
            -0.25,
            0.05,
            0.1,
            0.15,
            0.2,
            0.25
        ],
        "stim_del": 200.0,
        "stim_dur": 300.0,
        "stim_pos": 0.5,
        "stim_sec": "soma",
        "stim_type": "IClamp",
        "type": [
            "hippounit",
            "hippounit"
        ],
        "u_fun_string": "#Please define your function below in the template!\n#You may choose an arbitrary name for your function,\n#but the input parameters must be self and a vector!In the first line of the function specify the length of the vector in a comment!\n#In the second line you may specify the names of the parameters in a comment, separated by spaces.\ndef usr_fun(self,v):\n#12\n#Na_BG_act_inact_shift 0\n#gmax_K_DRS4_params_voltage_dep_dend 1\n#gmax_Na_BG_soma 2\n#gmax_K_DRS4_params_voltage_dep_soma 3\n#gmax_K_DRS4_params_voltage_dep_axon 4\n#gmax_Leak_pyr 5\n#H_ratio 6\n#e_Leak_pyr 7\n#gbar_km_soma_dend 8\n#gbar_km_axon 9\n#KA_ratio 10\n#gbar_kd 11 \n    for sec in h.all_dendrites:\n\t\t\n        sec.Y_v0_Na_BG_dend = sec.X_v0_Na_BG_dend-v[0]\n        sec.gmax_K_DRS4_params_voltage_dep = v[1]\n        sec.gbar_km_q10_2 = v[8]  \n        for seg in sec:\n                h('soma distance()')\n                dist=(h.distance(seg.x))\n\t\t\t\t\n                seg.gmax_Na_BG_dend = (v[2]+v[2]*(-0.00125)*dist)\n        \n                if (dist>100) and (dist<=150):\n                        seg.gmax_H_CA1pyr_dist=(v[6]*0.00002+v[6]*4e-07*dist)\n                        seg.gmax_H_CA1pyr_prox=0\n                        seg.gmax_K_A_prox=0\n                        seg.gmax_K_A_dist=(0.0035*v[10]+v[10]*5.5e-05*dist)\n                elif (dist>150.0) and (dist<=400.0):\n                        seg.gmax_H_CA1pyr_dist=(v[6]*0.00002+v[6]*4e-07*dist)\n                        seg.gmax_H_CA1pyr_prox=0\n                        seg.gmax_K_A_prox=0\n                        seg.gmax_K_A_dist=(0.0035*v[10]+v[10]*5.5e-05*dist)\n                elif (dist<=100.0) and (dist>0.0):\n                        seg.gmax_H_CA1pyr_dist=0\n                        seg.gmax_H_CA1pyr_prox=(v[6]*0.00002+v[6]*4e-07*dist)\n                        seg.gmax_K_A_prox=(0.0035*v[10]+v[10]*5.5e-05*dist)\n                        seg.gmax_K_A_dist=0\n                elif (dist>400.0):\n                        seg.gmax_H_CA1pyr_dist=0.00018*v[6]\n                        seg.gmax_H_CA1pyr_prox=0\n                        seg.gmax_K_A_prox=0\n                        seg.gmax_K_A_dist=0.0255*v[10]\n                elif (dist<=0.0):\n                        seg.gmax_H_CA1pyr_prox=0.00002*v[6]\n                        seg.gmax_H_CA1pyr_dist=0\n                        seg.gmax_K_A_prox=0.0035*v[10]\n                        seg.gmax_K_A_dist=0\n    for sec in h.soma:\n        sec.gmax_Na_BG_soma = v[2]\n        sec.Y_v0_Na_BG_soma = sec.X_v0_Na_BG_soma-v[0]\n        sec.gmax_K_DRS4_params_voltage_dep = v[3]\n        sec.gmax_H_CA1pyr_prox = 0.00002*v[6] \n        sec.gbar_km_q10_2 = v[8]    \n        sec.gmax_K_A_prox=0.0035*v[10] \n        sec.gkd_kd_params3=v[11]\n    for sec in h.all_axon:\n        sec.gmax_Na_BG_axon = v[2]*40\n        sec.Y_v0_Na_BG_axon = sec.X_v0_Na_BG_axon-v[0]\n        sec.gmax_K_DRS4_params_voltage_dep = v[4]\n        sec.gmax_H_CA1pyr_prox = 0.00002*v[6]\n        sec.gbar_km_q10_2 = v[9]\n        sec.gmax_K_A_prox=0.0035*v[10]\n    for sec in h.all:\n        sec.gmax_Leak_pyr = v[5]\n        sec.e_Leak_pyr = v[7]\n",
        "weights": [
            0.05,
            0.05,
            0.05,
            0.05,
            0.05,
            0.05,
            0.05,
            0.05,
            0.05,
            0.05,
            0.05,
            0.05,
            0.05,
            0.05,
            0.05,
            0.05,
            0.05,
            0.05,
            0.05,
            0.05
        ]
    }
}