{
    "opt_name": "load_model_na_inhomo_minimal_model+KM+KA+KD_CMAES_CMAES_25_Aug_2023_23:22:04:302414",
    "seed": 1235,
    "final_fitness": [
        5000.0
    ],
    "number_of_evaluations": 288,
    "models": {
        "model_name": "load_model_na_inhomo_minimal_model+KM+KA+KD",
        "model_author": "Eslam-OMEN"
    },
    "parameters": [
        {
            "name": "Na_BG_act_inact_shift 0",
            "min_boundary": "5.0",
            "max_boundary": "15.0",
            "optimum": "15.0"
        },
        {
            "name": "gmax_K_DRS4_params_voltage_dep_dend 1",
            "min_boundary": "0.01",
            "max_boundary": "0.2",
            "optimum": "0.01"
        },
        {
            "name": "gmax_Na_BG_soma 2",
            "min_boundary": "0.002",
            "max_boundary": "0.1",
            "optimum": "0.009534647733771617"
        },
        {
            "name": "gmax_K_DRS4_params_voltage_dep_soma 3",
            "min_boundary": "0.01",
            "max_boundary": "0.5",
            "optimum": "0.19403207708809175"
        },
        {
            "name": "gmax_K_DRS4_params_voltage_dep_axon 4",
            "min_boundary": "0.01",
            "max_boundary": "10.0",
            "optimum": "7.868198800980048"
        },
        {
            "name": "gmax_Leak_pyr 5",
            "min_boundary": "1e-05",
            "max_boundary": "0.0001",
            "optimum": "0.0001"
        },
        {
            "name": "H_ratio 6",
            "min_boundary": "0.1",
            "max_boundary": "15.0",
            "optimum": "8.288573476589002"
        },
        {
            "name": "e_Leak_pyr 7",
            "min_boundary": "-70.0",
            "max_boundary": "-40.0",
            "optimum": "-70.0"
        },
        {
            "name": "gbar_km_soma_dend 8",
            "min_boundary": "5e-05",
            "max_boundary": "0.01",
            "optimum": "5e-05"
        },
        {
            "name": "gbar_km_axon 9",
            "min_boundary": "0.0001",
            "max_boundary": "5.0",
            "optimum": "0.0001"
        },
        {
            "name": "KA_ratio 10",
            "min_boundary": "0.3",
            "max_boundary": "3.0",
            "optimum": "3.0"
        },
        {
            "name": "gbar_kd 11",
            "min_boundary": "1e-05",
            "max_boundary": "0.01",
            "optimum": "0.01"
        }
    ],
    "error_function": [
        {
            "name": "SomaticFeaturesTest",
            "value": "100000.0",
            "weight": "0.05",
            "weighted_value": "5000.0"
        }
    ],
    "algorithm": [
        {
            "algorithm_name": "CMAES",
            "algorithm_package": "CMAES",
            "algorithm_parameters": [
                {
                    "parameter_name": "number_of_generations",
                    "parameter_value": "12"
                },
                {
                    "parameter_name": "size_of_population",
                    "parameter_value": "24"
                },
                {
                    "parameter_name": "number_of_cpu",
                    "parameter_value": "6"
                },
                {
                    "parameter_name": "sigma",
                    "parameter_value": "1.3"
                }
            ]
        }
    ],
    "target_data": [
        {
            "data_type": "hippounit",
            "file_name": "",
            "number_of_traces": 1,
            "stim_delay": 200.0,
            "stim_duration": 300.0
        }
    ],
    "created_at": "2023-08-25T23:22:04.302441Z",
    "statistics": [
        {
            "generation": 0,
            "population": 24,
            "maximum": 5000.0,
            "minimum": 5000.0,
            "median": 5000.0,
            "mean": 5000.0,
            "std": 0.0
        },
        {
            "generation": 1,
            "population": 24,
            "maximum": 5000.0,
            "minimum": 5000.0,
            "median": 5000.0,
            "mean": 5000.0,
            "std": 0.0
        },
        {
            "generation": 2,
            "population": 24,
            "maximum": 5000.0,
            "minimum": 5000.0,
            "median": 5000.0,
            "mean": 5000.0,
            "std": 0.0
        },
        {
            "generation": 3,
            "population": 24,
            "maximum": 5000.0,
            "minimum": 133.50408695909385,
            "median": 5000.0,
            "mean": 4595.04056292053,
            "std": 1343.1000207038696
        },
        {
            "generation": 4,
            "population": 24,
            "maximum": 5000.0,
            "minimum": 71.722354292503,
            "median": 5000.0,
            "mean": 4593.460523527803,
            "std": 1348.4155545814492
        },
        {
            "generation": 5,
            "population": 24,
            "maximum": 5000.0,
            "minimum": 229.79516958124046,
            "median": 5000.0,
            "mean": 4801.241465399218,
            "std": 953.2124457658705
        },
        {
            "generation": 6,
            "population": 24,
            "maximum": 5000.0,
            "minimum": 5000.0,
            "median": 5000.0,
            "mean": 5000.0,
            "std": 0.0
        },
        {
            "generation": 7,
            "population": 24,
            "maximum": 5000.0,
            "minimum": 5000.0,
            "median": 5000.0,
            "mean": 5000.0,
            "std": 0.0
        },
        {
            "generation": 8,
            "population": 24,
            "maximum": 5000.0,
            "minimum": 5000.0,
            "median": 5000.0,
            "mean": 5000.0,
            "std": 0.0
        },
        {
            "generation": 9,
            "population": 24,
            "maximum": 5000.0,
            "minimum": 5000.0,
            "median": 5000.0,
            "mean": 5000.0,
            "std": 0.0
        },
        {
            "generation": 10,
            "population": 24,
            "maximum": 5000.0,
            "minimum": 5000.0,
            "median": 5000.0,
            "mean": 5000.0,
            "std": 0.0
        },
        {
            "generation": 11,
            "population": 24,
            "maximum": 5000.0,
            "minimum": 5000.0,
            "median": 5000.0,
            "mean": 5000.0,
            "std": 0.0
        }
    ]
}